class_name,crop,disease,treatment_html,cnn_scannable,split
Soybean___healthy,Soybean,healthy," <b>Crop</b>: Soyabean <br/>Disease: No disease<br/>

        <br/><br/> Don't worry. Your crop is healthy. Keep it up !!!",True,train
Apple___Apple_scab,Apple,Apple scab," <b>Crop</b>: Apple <br/>Disease: Apple Scab<br/>
        <br/> Cause of disease:

        <br/><br/> 1. Apple scab overwinters primarily in fallen leaves and in the soil. Disease development is favored by wet, cool weather that generally occurs in spring and early summer.

        <br/> 2. Fungal spores are carried by wind, rain or splashing water from the ground to flowers, leaves or fruit. During damp or rainy periods, newly opening apple leaves are extremely susceptible to infection. The longer the leaves remain wet, the more severe the infection will be. Apple scab spreads rapidly between 55-75 degrees Fahrenheit.
        <br/><br/> How to prevent/cure the disease <br/>
        <br/>1. Choose resistant varieties when possible.

        <br/>2. Rake under trees and destroy infected leaves to reduce the number of fungal spores available to start the disease cycle over again next spring
        
        <br/>3. Water in the evening or early morning hours (avoid overhead irrigation) to give the leaves time to dry out before infection can occur.
        <br/>4. Spread a 3- to 6-inch layer of compost under trees, keeping it away from the trunk, to cover soil and prevent splash dispersal of the fungal spores.",True,train
Cotton___Wilt,Cotton,Wilt,"<b>Crop</b>: Cotton <br/><b>Disease</b>: Fusarium / Verticillium Wilt<br/><br/>
    <b>Symptoms</b>: Yellowing and drooping of lower leaves progressing upward, brown vascular discolouration inside the stem when cut, plant death in patches.<br/><br/>
    <b>Management</b>:<br/>1. Grow resistant varieties.<br/>2. Long crop rotation with cereals (3-4 years).<br/>3. Soil application of Trichoderma viride 2.5 kg/ha with FYM.<br/>4. Balanced potash improves tolerance.<br/>5. Avoid waterlogging.",False,train
Blueberry___healthy,Blueberry,healthy," <b>Crop</b>: Blueberry <br/>Disease: No disease<br/>

        <br/><br/> Don't worry. Your crop is healthy. Keep it up !!!",True,train
Banana___Bunchy_top,Banana,Bunchy top,"<b>Crop</b>: Banana <br/><b>Disease</b>: Bunchy Top Virus (aphid transmitted)<br/><br/>
    <b>Symptoms</b>: Severely stunted plant with narrow, upright, bunched leaves at the top; dark green 'Morse code' streaks on the midrib and petiole. Infected plants rarely bear fruit.<br/><br/>
    <b>Management</b>:<br/>1. Use only certified virus-free tissue-culture planting material.<br/>2. Uproot and destroy infected plants immediately including the corm.<br/>3. Control banana aphid (Pentalonia nigronervosa) with Imidacloprid 0.3 ml/L before removing plants.<br/>4. Do not take suckers from infected gardens.",False,train
Peach___healthy,Peach,healthy," <b>Crop</b>: Peach <br/>Disease: No disease<br/>

        <br/><br/> Don't worry. Your crop is healthy. Keep it up !!!",True,train
Grape___Black_rot,Grape,Black rot," <b>Crop</b>: Grape <br/>Disease: Black Rot<br/>
        <br/> Cause of disease:

        <br/><br/> 1. The black rot fungus overwinters in canes, tendrils, and leaves on the grape vine and on the ground. Mummified berries on the ground or those that are still clinging to the vines become the major infection source the following spring.

        <br/> 2. During rain, microscopic spores (ascospores) are shot out of numerous, black fruiting bodies (perithecia) and are carried by air currents to young, expanding leaves. In the presence of moisture, these spores germinate in 36 to 48 hours and eventually penetrate the leaves and fruit stems. 

        <br/> 3. The infection becomes visible after 8 to 25 days. When the weather is wet, spores can be released the entire spring and summer providing continuous infection.


        <br/><br/> How to prevent/cure the disease <br/>
        <br/>1. Space vines properly and choose a planting site where the vines will be exposed to full sun and good air circulation. Keep the vines off the ground and insure they are properly tied, limiting the amount of time the vines remain wet thus reducing infection.

        <br/>2. Keep the fruit planting and surrounding areas free of weeds and tall grass. This practice will promote lower relative humidity and rapid drying of vines and thereby limit fungal infection.
        
        <br/>3. Use protective fungicide sprays. Pesticides registered to protect the developing new growth include copper, captan, ferbam, mancozeb, maneb, triadimefon, and ziram. Important spraying times are as new shoots are 2 to 4 inches long, and again when they are 10 to 15 inches long, just before bloom, just after bloom, and when the fruit has set.",True,train
Tomato___Septoria_leaf_spot,Tomato,Septoria leaf spot," <b>Crop</b>: Tomato <br/>Disease: Leaf Spot<br/>
        <br/> Cause of disease:

        <br/><br/> Septoria leaf spot is caused by a fungus, Septoria lycopersici. It is one of the most destructive diseases of tomato foliage and is particularly severe in areas where wet, humid weather persists for extended periods.

        <br/><br/> How to prevent/cure the disease <br/>
        <br/>1. Remove diseased leaves.

        <br/>2. Improve air circulation around the plants.
        
        <br/>3. Mulch around the base of the plants
        <br/>4. Do not use overhead watering.
        <br/>5. Use fungicidal sprayes.",True,train
Wheat___Loose_smut,Wheat,Loose smut,"<b>Crop</b>: Wheat <br/><b>Disease</b>: Loose Smut (Ustilago tritici)<br/><br/>
    <b>Symptoms</b>: Entire earhead converted into a black powdery mass of spores; only the bare rachis remains after spores blow away.<br/><br/>
    <b>Management</b>: This is seed-borne — control starts with seed.<br/>1. Use certified disease-free seed.<br/>2. Seed treatment with Carboxin 2 g/kg or Tebuconazole 1 g/kg.<br/>3. Solar heat treatment: soak seed 4 hours, dry in hot sun.<br/>4. Rogue out and burn infected earheads before spores spread.",False,train
Grape___Esca_(Black_Measles),Grape,Esca (Black Measles)," <b>Crop</b>: Grape <br/>Disease: Black Measles<br/>
        <br/> Cause of disease:

        <br/><br/> 1. Black Measles is caused by a complex of fungi that includes several species of Phaeoacremonium, primarily by P. aleophilum (currently known by the name of its sexual stage, Togninia minima), and by Phaeomoniella chlamydospora.

        <br/> 2. The overwintering structures that produce spores (perithecia or pycnidia, depending on the pathogen) are embedded in diseased woody parts of vines. The overwintering structures that produce spores (perithecia or pycnidia, depending on the pathogen) are embedded in diseased woody parts of vines.

        <br/> 3. During fall to spring rainfall, spores are released and wounds made by dormant pruning provide infection sites.

        <br/> 4. Wounds may remain susceptible to infection for several weeks after pruning with susceptibility declining over time.


        <br/><br/> How to prevent/cure the disease <br/>
        <br/>1. Post-infection practices (sanitation and vine surgery) for use in diseased, mature vineyards are not as effective and are far more costly than adopting preventative practices (delayed pruning, double pruning, and applications of pruning-wound protectants) in young vineyards. 


        <br/>2. Sanitation and vine surgery may help maintain yields. In spring, look for dead spurs or for stunted shoots. Later in summer, when there is a reduced chance of rainfall, practice good sanitation by cutting off these cankered portions of the vine beyond the canker, to where wood appears healthy. Then remove diseased, woody debris from the vineyard and destroy it.
        
        <br/>3. The fungicides labeled as pruning-wound protectants, consider using alternative materials, such as a wound sealant with 5 percent boric acid in acrylic paint (Tech-Gro B-Lock), which is effective against Eutypa dieback and Esca, or an essential oil (Safecoat VitiSeal).",True,train
Tomato___Late_blight,Tomato,Late blight," <b>Crop</b>: Tomato <br/>Disease: Late Blight<br/>

        Late blight is a potentially devastating disease of tomato, infecting leaves, stems and fruits of plants. The disease spreads quickly in fields and can result in total crop failure if untreated.              
        <br/> Cause of disease:

        <br/><br/> 1. Late blight is caused by the oomycete Phytophthora infestans. Oomycetes are fungus-like organisms also called water molds, but they are not true fungi.

        <br/> 2. There are many different strains of P. infestans. These are called clonal lineages and designated by a number code (i.e. US-23). Many clonal lineages affect both tomato and potato, but some lineages are specific to one host or the other.
        <br/> 3. The host range is typically limited to potato and tomato, but hairy nightshade (Solanum physalifolium) is a closely related weed that can readily become infected and may contribute to disease spread. Under ideal conditions, such as a greenhouse, petunia also may become infected.",True,train
Corn_(maize)___Northern_Leaf_Blight,Corn (maize),Northern Leaf Blight," <b>Crop</b>: Corn(maize) <br/>Disease: Northern Leaf Blight
        <br/>
        <br/> Cause of disease:

        <br/><br/>Northern corn leaf blight (NCLB) is a foliar disease of corn (maize) caused by Exserohilum turcicum, the anamorph of the ascomycete Setosphaeria turcica. With its characteristic cigar-shaped lesions, this disease can cause significant yield loss in susceptible corn hybrids.

        <br/><br/> How to prevent/cure the disease <br/>
        <br/>1. Management of NCLB can be achieved primarily by using hybrids with resistance, but because resistance may not be complete or may fail, it is advantageous to utilize an integrated approach with different cropping practices and fungicides.

        <br/>2. Scouting fields and monitoring local conditions is vital to control this disease.",True,train
Chilli___Leaf_curl,Chilli,Leaf curl,"<b>Crop</b>: Chilli <br/><b>Disease</b>: Chilli Leaf Curl (virus complex + thrips/mites)<br/><br/>
    <b>Symptoms</b>: Upward curling and crinkling of leaves, shortened internodes, bushy stunted plants, very few small fruits. Often called 'murda' disease.<br/><br/>
    <b>Management</b>:<br/>1. Control thrips and mites — the actual damage agents.<br/>2. Spray Fipronil 2 ml/L for thrips; Spiromesifen 1 ml/L or Dicofol 5 ml/L for mites.<br/>3. Blue and yellow sticky traps.<br/>4. Rogue out severely affected plants.<br/>5. Raise nursery under insect-proof net; use barrier crops like maize.",False,train
Cherry_(including_sour)___Powdery_mildew,Cherry (including sour),Powdery mildew," <b>Crop</b>: Cherry <br/>Disease: Powdery Mildew<br/>
        <br/> Cause of disease:

        <br/><br/>Podosphaera clandestina, a fungus that most commonly infects young, expanding leaves but can also be found on buds, fruit and fruit stems. It overwinters as small, round, black bodies (chasmothecia) on dead leaves, on the orchard floor, or in tree crotches. Colonies produce more (asexual) spores generally around shuck fall and continue the disease cycle.


        <br/><br/> How to prevent/cure the disease <br/>
        <br/>1. Remove and destroy sucker shoots.

        <br/>2. Keep irrigation water off developing fruit and leaves by using irrigation that does not wet the leaves. Also, keep irrigation sets as short as possible.
        
        <br/>3. Follow cultural practices that promote good air circulation, such as pruning, and moderate shoot growth through judicious nitrogen management.",True,train
Banana___Panama_wilt,Banana,Panama wilt,"<b>Crop</b>: Banana <br/><b>Disease</b>: Panama Wilt / Fusarium Wilt (Fusarium oxysporum f.sp. cubense)<br/><br/>
    <b>Symptoms</b>: Yellowing of older leaves from margins inward, leaves collapse around the pseudostem forming a 'skirt', longitudinal splitting of the pseudostem base, reddish-brown vascular strands inside.<br/><br/>
    <b>Management</b>:<br/>1. Use tissue-culture, disease-free suckers.<br/>2. Grow tolerant varieties where TR4 is present.<br/>3. Soil application of Trichoderma viride 50 g/plant with FYM every 3 months.<br/>4. Carbendazim 2 g/L drench around the base.<br/>5. Improve drainage; avoid moving soil from infected plots.<br/>6. Destroy affected plants completely; do not replant banana immediately.",False,train
Tomato___Early_blight,Tomato,Early blight," <b>Crop</b>: Tomato <br/>Disease: Early Blight<br/>
        <br/> Cause of disease:

        <br/><br/> 1. Early blight can be caused by two different closely related fungi, Alternaria tomatophila and Alternaria solani.
        <br/> 2. Alternaria tomatophila is more virulent on tomato than A. solani, so in regions where A. tomatophila is found, it is the primary cause of early blight on tomato. However, if A.tomatophila is absent, A.solani will cause early blight on tomato.
        <br/><br/> How to prevent/cure the disease <br/>
        <br/>1. Use pathogen-free seed, or collect seed only from disease-free plants..

        <br/>2. Rotate out of tomatoes and related crops for at least two years.
        
        <br/>3. Control susceptible weeds such as black nightshade and hairy nightshade, and volunteer tomato plants throughout the rotation.
        <br/>4. Fertilize properly to maintain vigorous plant growth. Particularly, do not over-fertilize with potassium and maintain adequate levels of both nitrogen and phosphorus.
        <br/>5. Avoid working in plants when they are wet from rain, irrigation, or dew.
        <br/>6. Use drip irrigation instead of overhead irrigation to keep foliage dry.",True,train
Mango___Malformation,Mango,Malformation,"<b>Crop</b>: Mango <br/><b>Disorder</b>: Mango Malformation (Fusarium mangiferae)<br/><br/>
    <b>Symptoms</b>: Vegetative malformation gives bunchy shoots with tiny leaves; floral malformation gives compact, highly branched panicles that set no fruit.<br/><br/>
    <b>Management</b>:<br/>1. Prune out malformed panicles and shoots 15-20 cm below the affected part; burn them.<br/>2. Spray NAA 200 ppm in October to reduce floral malformation.<br/>3. Carbendazim 1 g/L spray after pruning.<br/>4. Use healthy grafts from disease-free mother trees.",False,train
Tomato___Target_Spot,Tomato,Target Spot," <b>Crop</b>: Tomato <br/>Disease: Target Spot<br/>
        <br/> Cause of disease:

        <br/><br/> 1. The fungus causes plants to lose their leaves; it is a major disease. If infection occurs before the fruit has developed, yields are low.

        <br/> 2. This is a common disease on tomato in Pacific island countries. The disease occurs in the screen house and in the field.
        <br/><br/> How to prevent/cure the disease <br/>
        <br/>1. Remove a few branches from the lower part of the plants to allow better airflow at the base

        <br/>2. Remove and burn the lower leaves as soon as the disease is seen, especially after the lower fruit trusses have been picked.
        
        <br/>3. Keep plots free from weeds, as some may be hosts of the fungus.
        <br/>4. Do not use overhead irrigation; otherwise, it will create conditions for spore production and infection.",True,train
Mango___Hopper,Mango,Hopper,"<b>Crop</b>: Mango <br/><b>Pest</b>: Mango Hopper (Idioscopus spp.)<br/><br/>
    <b>Symptoms</b>: Wedge-shaped insects on panicles; nymphs and adults suck sap causing flower drop. Honeydew leads to sooty mould blackening leaves.<br/><br/>
    <b>Management</b>:<br/>1. Prune for an open canopy; avoid overcrowded orchards.<br/>2. Spray Imidacloprid 0.3 ml/L at panicle emergence.<br/>3. Second spray with Thiamethoxam 0.3 g/L after 15 days if needed.<br/>4. Wash off sooty mould with dilute starch solution.",False,train
Rice___False_smut,Rice,False smut,"<b>Crop</b>: Rice <br/><b>Disease</b>: False Smut (Ustilaginoidea virens)<br/><br/>
    <b>Symptoms</b>: Individual grains replaced by velvety yellow-orange balls that turn greenish-black. Reduces yield and grain quality.<br/><br/>
    <b>Management</b>:<br/>1. Spray Propiconazole 1 ml/L at booting stage (before panicle emergence).<br/>2. Avoid excess nitrogen late in the season.<br/>3. Use clean, certified seed.<br/>4. Collect and destroy smut balls; deep plough after harvest.",False,train
Peach___Bacterial_spot,Peach,Bacterial spot," <b>Crop</b>: Peach <br/>Disease: Bacterial Spot<br/>
        <br/> Cause of disease:

        <br/><br/> 1. The disease is caused by four species of Xanthomonas (X. euvesicatoria, X. gardneri, X. perforans, and X. vesicatoria). In North Carolina, X. perforans is the predominant species associated with bacterial spot on tomato and X. euvesicatoria is the predominant species associated with the disease on pepper.

        <br/> 2. All four bacteria are strictly aerobic, gram-negative rods with a long whip-like flagellum (tail) that allows them to move in water, which allows them to invade wet plant tissue and cause infection.


        <br/><br/> How to prevent/cure the disease <br/>
        <br/>1. The most effective management strategy is the use of pathogen-free certified seeds and disease-free transplants to prevent the introduction of the pathogen into greenhouses and field production areas. Inspect plants very carefully and reject infected transplants- including your own!

        <br/>2. In transplant production greenhouses, minimize overwatering and handling of seedlings when they are wet.
        
        <br/>3. Trays, benches, tools, and greenhouse structures should be washed and sanitized between seedlings crops.
        <br/>4. Do not spray, tie, harvest, or handle wet plants as that can spread the disease.",True,train
Tomato___Spider_mites Two-spotted_spider_mite,Tomato,Spider mites Two-spotted spider mite," <b>Crop</b>: Tomato <br/>Disease: Two-spotted spider mite<br/>
        <br/> Cause of disease:

        <br/><br/> 1. The two-spotted spider mite is the most common mite species that attacks vegetable and fruit crops.

        <br/> 2. They have up to 20 generations per year and are favored by excess nitrogen and dry and dusty conditions.
        <br/> 3. Outbreaks are often caused by the use of broad-spectrum insecticides which interfere with the numerous natural enemies that help to manage mite populations. 
        <br/><br/> How to prevent/cure the disease <br/>
        <br/>1. Avoid early season, broad-spectrum insecticide applications for other pests.

        <br/>2. Do not over-fertilize
        
        <br/>3. Overhead irrigation or prolonged periods of rain can help reduce populations.",True,train
Wheat___Brown_rust,Wheat,Brown rust,"<b>Crop</b>: Wheat <br/><b>Disease</b>: Brown / Leaf Rust (Puccinia triticina)<br/><br/>
    <b>Symptoms</b>: Round to oval orange-brown pustules scattered randomly on the upper leaf surface (not in stripes).<br/><br/>
    <b>Management</b>:<br/>1. Resistant varieties and timely sowing.<br/>2. Spray Propiconazole 1 ml/L or Mancozeb 2.5 g/L.<br/>3. Remove volunteer wheat plants that carry the fungus between seasons.",False,train
Strawberry___Leaf_scorch,Strawberry,Leaf scorch," <b>Crop</b>: Strawberry <br/>Disease: Leaf Scorch<br/>
        <br/> Cause of disease:

        <br/><br/> 1. Scorched strawberry leaves are caused by a fungal infection which affects the foliage of strawberry plantings. The fungus responsible is called Diplocarpon earliana.

        <br/> 2. Strawberries with leaf scorch may first show signs of issue with the development of small purplish blemishes that occur on the topside of leaves.

        <br/><br/> How to prevent/cure the disease <br/>
        <br/>1. Since this fungal pathogen over winters on the fallen leaves of infect plants, proper garden sanitation is key.

        <br/>2. This includes the removal of infected garden debris from the strawberry patch, as well as the frequent establishment of new strawberry transplants.
        
        <br/>3. The avoidance of waterlogged soil and frequent garden cleanup will help to reduce the likelihood of spread of this fungus.",True,train
Corn_(maize)___Cercospora_leaf_spot Gray_leaf_spot,Corn (maize),Cercospora leaf spot Gray leaf spot," <b>Crop</b>: Corn <br/>Disease: Grey Leaf Spot<br/>
        <br/> Cause of disease:

        <br/><br/>Gray leaf spot lesions on corn leaves hinder photosynthetic activity, reducing carbohydrates allocated towards grain fill. The extent to which gray leaf spot damages crop yields can be estimated based on the extent to which leaves are infected relative to grainfill. Damage can be more severe when developing lesions progress past the ear leaf around pollination time.	Because a decrease in functioning leaf area limits photosynthates dedicated towards grainfill, the plant might mobilize more carbohydrates from the stalk to fill kernels.


        <br/><br/> How to prevent/cure the disease <br/>
        <br/>1. In order to best prevent and manage corn grey leaf spot, the overall approach is to reduce the rate of disease growth and expansion.

        <br/>2. This is done by limiting the amount of secondary disease cycles and protecting leaf area from damage until after corn grain formation.
        
        <br/>3. High risk factors for grey leaf spot in corn: <br/>
                    a.	Susceptible hybrid
                    b.	Continuous corn
                    c.	Late planting date
                    d.	Minimum tillage systems
                    e.	Field history of severe disease
                    f.	Early disease activity (before tasseling)
                    g.	Irrigation
                    h.	Favorable weather forecast for disease.",True,train
Banana___Sigatoka_leaf_spot,Banana,Sigatoka leaf spot,"<b>Crop</b>: Banana <br/><b>Disease</b>: Sigatoka Leaf Spot (Mycosphaerella spp.)<br/><br/>
    <b>Symptoms</b>: Small yellow streaks that enlarge into elongated brown spots with grey centres and yellow halos; heavy infection dries the whole canopy and fruits ripen prematurely.<br/><br/>
    <b>Management</b>:<br/>1. Remove and destroy affected leaves regularly.<br/>2. Maintain proper spacing and drainage.<br/>3. Spray Propiconazole 1 ml/L or Mancozeb 2.5 g/L with sticker, at 3-4 week intervals.<br/>4. Alternate fungicide groups to avoid resistance.<br/>5. Avoid overhead irrigation.",False,train
Sugarcane___Red_rot,Sugarcane,Red rot,"<b>Crop</b>: Sugarcane <br/><b>Disease</b>: Red Rot (Colletotrichum falcatum)<br/><br/>
    <b>Symptoms</b>: Drying of the 3rd-4th leaf from top, split cane shows reddened internal tissue with white crossbars, sour alcoholic smell.<br/><br/>
    <b>Management</b>:<br/>1. Use resistant varieties; this is the primary control.<br/>2. Set treatment in Carbendazim 0.1% for 10 minutes before planting.<br/>3. Moist hot air treatment of setts (54°C, 4 hours).<br/>4. Rogue out and burn affected clumps with roots.<br/>5. Crop rotation with rice; avoid ratooning infected fields.",False,train
Wheat___Powdery_mildew,Wheat,Powdery mildew,"<b>Crop</b>: Wheat <br/><b>Disease</b>: Powdery Mildew (Blumeria graminis)<br/><br/>
    <b>Symptoms</b>: White powdery fluffy growth on leaves and sheaths, later turning grey with small black dots.<br/><br/>
    <b>Management</b>:<br/>1. Avoid excess nitrogen and very dense crop.<br/>2. Spray wettable Sulphur 2 g/L or Propiconazole 1 ml/L.<br/>3. Ensure good field ventilation.",False,train
Cotton___Bollworm,Cotton,Bollworm,"<b>Crop</b>: Cotton <br/><b>Pest</b>: Bollworm complex (American, Pink, Spotted)<br/><br/>
    <b>Symptoms</b>: Round bore holes in squares and bolls, shed flowers, damaged lint. Pink bollworm causes rosette flowers and internal seed damage.<br/><br/>
    <b>Management</b>:<br/>1. Install pheromone traps @ 5/ha; monitor weekly.<br/>2. Grow Bt cotton, but maintain a refuge of non-Bt.<br/>3. Release Trichogramma chilonis @ 1.5 lakh/ha.<br/>4. Neem seed kernel extract 5% at early stage.<br/>5. Chemical: Emamectin benzoate 0.4 g/L or Spinosad 0.3 ml/L only when ETL is crossed.<br/>6. Destroy crop residue; avoid extending the crop beyond season.",False,train
"Pepper,_bell___healthy","Pepper, bell",healthy," <b>Crop</b>: Pepper <br/>Disease: No disease<br/>

        <br/><br/> Don't worry. Your crop is healthy. Keep it up !!!",True,train
Mango___Powdery_mildew,Mango,Powdery mildew,"<b>Crop</b>: Mango <br/><b>Disease</b>: Powdery Mildew (Oidium mangiferae)<br/><br/>
    <b>Symptoms</b>: White powdery coating on flower panicles, young fruit and leaves; heavy flower drop and poor fruit set. Major cause of yield loss in a dry, cool flowering season.<br/><br/>
    <b>Management</b>:<br/>1. Spray wettable Sulphur 2 g/L at panicle emergence.<br/>2. Follow with Hexaconazole 1 ml/L or Dinocap 1 ml/L 15 days later.<br/>3. Do not spray sulphur when temperature is above 35°C.<br/>4. Three sprays: panicle emergence, full bloom, pea-sized fruit.",False,train
Rice___Sheath_blight,Rice,Sheath blight,"<b>Crop</b>: Rice <br/><b>Disease</b>: Sheath Blight (Rhizoctonia solani)<br/><br/>
    <b>Symptoms</b>: Oval greenish-grey water-soaked lesions on the sheath near the water line, later becoming straw coloured with brown borders; spreads upward, grains fail to fill.<br/><br/>
    <b>Management</b>:<br/>1. Avoid dense planting; keep proper spacing for airflow.<br/>2. Balanced NPK; avoid excess nitrogen.<br/>3. Spray Hexaconazole 5EC @ 2 ml/L or Validamycin 3L @ 2 ml/L.<br/>4. Apply Trichoderma viride to soil at 2.5 kg/ha with FYM.<br/>5. Remove infected stubble after harvest.",False,train
Potato___Early_blight,Potato,Early blight," <b>Crop</b>: Potato <br/>Disease: Early Blight<br/>
        <br/> Cause of disease:

        <br/><br/> 1. Early blight (EB) is a disease of potato caused by the fungus Alternaria solani. It is found wherever potatoes are grown. 

        <br/> 2. The disease primarily affects leaves and stems, but under favorable weather conditions, and if left uncontrolled, can result in considerable defoliation and enhance the chance for tuber infection. Premature defoliation may lead to considerable reduction in yield.

        <br/> 3. Primary infection is difficult to predict since EB is less dependent upon specific weather conditions than late blight.
        <br/><br/> How to prevent/cure the disease <br/>
        <br/>1. Plant only diseasefree, certified seed. 

        <br/>2. Follow a complete and regular foliar fungicide spray program.
        
        <br/>3. Practice good killing techniques to lessen tuber infections.
        <br/>4. Allow tubers to mature before digging, dig when vines are dry, not wet, and avoid excessive wounding of potatoes during harvesting and handling.",True,train
Rice___Bacterial_leaf_blight,Rice,Bacterial leaf blight,"<b>Crop</b>: Rice <br/><b>Disease</b>: Bacterial Leaf Blight (Xanthomonas oryzae)<br/><br/>
    <b>Symptoms</b>: Water-soaked yellow stripes from leaf tips and margins that turn straw-white; leaves dry from the tip downwards. In seedlings (kresek) whole plants wilt.<br/><br/>
    <b>Favourable conditions</b>: Heavy rain, flooding, wind damage, high nitrogen.<br/><br/>
    <b>Management</b>:<br/>1. Use resistant varieties carrying Xa21.<br/>2. Drain the field; avoid deep standing water.<br/>3. Stop nitrogen top dressing during an outbreak.<br/>4. Spray Streptocycline 300 ppm + Copper oxychloride 3 g/L.<br/>5. Avoid clipping seedling tips at transplanting.",False,train
Grape___Leaf_blight_(Isariopsis_Leaf_Spot),Grape,Leaf blight (Isariopsis Leaf Spot),<b> Crop</b> : Grape <br/> Disease: Leaf Spot,True,train
Cabbage___Diamondback_moth,Cabbage,Diamondback moth,"<b>Crop</b>: Cabbage / Cauliflower <br/><b>Pest</b>: Diamondback Moth (Plutella xylostella)<br/><br/>
    <b>Symptoms</b>: Small green larvae scrape leaf tissue leaving papery windows, then irregular holes; heads are damaged and contaminated with frass.<br/><br/>
    <b>Management</b>:<br/>1. Grow mustard as a trap crop (2 rows for every 25 rows of cabbage).<br/>2. Spray Bacillus thuringiensis 1 g/L — safe and effective.<br/>3. Release Diadegma semiclausum parasitoid.<br/>4. Spinosad 0.3 ml/L; rotate chemistry, this pest resists insecticides quickly.<br/>5. Avoid continuous cole crop cultivation.",False,train
Apple___healthy,Apple,healthy," <b>Crop</b>: Apple <br/>Disease: No disease<br/>

        <br/><br/> Don't worry. Your crop is healthy. Keep it up !!!",True,train
"Pepper,_bell___Bacterial_spot","Pepper, bell",Bacterial spot," <b>Crop</b>: Pepper <br/>Disease: Bacterial Spot<br/>
        <br/> Cause of disease:

        <br/><br/> 1. Bacterial spot is caused by several species of gram-negative bacteria in the genus Xanthomonas.

        <br/> 2. In culture, these bacteria produce yellow, mucoid colonies. A ""mass"" of bacteria can be observed oozing from a lesion by making a cross-sectional cut through a leaf lesion, placing the tissue in a droplet of water, placing a cover-slip over the sample, and examining it with a microscope (~200X)..
        
        
        <br/><br/> How to prevent/cure the disease <br/>
        <br/>1. The primary management strategy of bacterial spot begins with use of certified pathogen-free seed and disease-free transplants.

        <br/>2. The bacteria do not survive well once host material has decayed, so crop rotation is recommended. Once the bacteria are introduced into a field or greenhouse, the disease is very difficult to control.
        
        <br/>3. Pepper plants are routinely sprayed with copper-containing bactericides to maintain a ""protective"" cover on the foliage and fruit.",True,train
Rice___Blast,Rice,Blast,"<b>Crop</b>: Rice <br/><b>Disease</b>: Rice Blast (Pyricularia oryzae)<br/><br/>
    <b>Symptoms</b>: Diamond/spindle-shaped lesions with grey centres and brown margins on leaves. Neck blast blackens the panicle base causing whiteheads and empty grain.<br/><br/>
    <b>Favourable conditions</b>: 25-28°C, high humidity above 90%, excess nitrogen, prolonged leaf wetness.<br/><br/>
    <b>Management</b>:<br/>1. Grow resistant varieties (IR64, Tetep-derived lines).<br/>2. Avoid excess nitrogen; apply N in 3 splits.<br/>3. Spray Tricyclazole 75WP @ 0.6 g/L at boot leaf and again at heading.<br/>4. Carbendazim 50WP @ 1 g/L as an alternative.<br/>5. Treat seed with Carbendazim 2 g/kg before sowing.",False,train
Corn_(maize)___Common_rust_,Corn (maize),Common rust ," <b>Crop</b>: Corn(maize) <br/>Disease: Common Rust<br/>
        <br/> Cause of disease:

        <br/><br/>Common corn rust, caused by the fungus Puccinia sorghi, is the most frequently occurring of the two primary rust diseases of corn in the U.S., but it rarely causes significant yield losses in Ohio field (dent) corn. Occasionally field corn, particularly in the southern half of the state, does become severely affected when weather conditions favor the development and spread of rust fungus

        <br/><br/> How to prevent/cure the disease <br/>
        <br/>1. Although rust is frequently found on corn in Ohio, very rarely has there been a need for fungicide applications. This is due to the fact that there are highly resistant field corn hybrids available and most possess some degree of resistance.

        <br/>2. However, popcorn and sweet corn can be quite susceptible. In seasons where considerable rust is present on the lower leaves prior to silking and the weather is unseasonably cool and wet, an early fungicide application may be necessary for effective disease control. Numerous fungicides are available for rust control. ",True,train
Mango___Anthracnose,Mango,Anthracnose,"<b>Crop</b>: Mango <br/><b>Disease</b>: Anthracnose (Colletotrichum gloeosporioides)<br/><br/>
    <b>Symptoms</b>: Black irregular spots on leaves, blossom blight causing flower drop, and sunken dark lesions on fruit that expand during ripening and storage.<br/><br/>
    <b>Management</b>:<br/>1. Prune to open the canopy; remove dead twigs and mummified fruits.<br/>2. Spray Carbendazim 1 g/L at flowering and again at fruit set.<br/>3. Copper oxychloride 3 g/L after harvest pruning.<br/>4. Post-harvest hot water dip (52°C for 5 min) reduces storage rot.",False,train
Cherry_(including_sour)___healthy,Cherry (including sour),healthy," <b>Crop</b>: Cherry <br/>Disease: No disease<br/>

        <br/><br/> Don't worry. Your crop is healthy. Keep it up !!!",True,train
Tomato___Tomato_Yellow_Leaf_Curl_Virus,Tomato,Tomato Yellow Leaf Curl Virus," <b>Crop</b>: Tomato <br/>Disease: Yellow Leaf Curl Virus<br/>
        <br/> Cause of disease:

        <br/><br/> 1. TYLCV is transmitted by the insect vector Bemisia tabaci in a persistent-circulative nonpropagative manner. The virus can be efficiently transmitted during the adult stages.

        <br/> 2. This virus transmission has a short acquisition access period of 15–20 minutes, and latent period of 8–24 hours.
        <br/><br/> How to prevent/cure the disease <br/>
        <br/>1. Currently, the most effective treatments used to control the spread of TYLCV are insecticides and resistant crop varieties.

        <br/>2. The effectiveness of insecticides is not optimal in tropical areas due to whitefly resistance against the insecticides; therefore, insecticides should be alternated or mixed to provide the most effective treatment against virus transmission.
        
        <br/>3. Other methods to control the spread of TYLCV include planting resistant/tolerant lines, crop rotation, and breeding for resistance of TYLCV. As with many other plant viruses, one of the most promising methods to control TYLCV is the production of transgenic tomato plants resistant to TYLCV.",True,train
Onion___Basal_rot,Onion,Basal rot,"<b>Crop</b>: Onion <br/><b>Disease</b>: Basal Rot (Fusarium oxysporum f.sp. cepae)<br/><br/>
    <b>Symptoms</b>: Yellowing and dieback of leaf tips, white fungal growth on the basal plate, roots rot and bulbs come away easily; rot continues in storage.<br/><br/>
    <b>Management</b>:<br/>1. Long crop rotation (4 years) away from onion and garlic.<br/>2. Soil application of Trichoderma viride 2.5 kg/ha with FYM.<br/>3. Seedling root dip in Carbendazim 1 g/L before transplanting.<br/>4. Improve drainage; avoid mechanical injury at harvest.<br/>5. Cure bulbs properly before storage.",False,train
Onion___Purple_blotch,Onion,Purple blotch,"<b>Crop</b>: Onion <br/><b>Disease</b>: Purple Blotch (Alternaria porri)<br/><br/>
    <b>Symptoms</b>: Small white sunken spots on leaves that enlarge into purple-brown zonate lesions with yellow margins; leaves break at the lesion, bulbs stay small.<br/><br/>
    <b>Management</b>:<br/>1. Spray Mancozeb 2.5 g/L or Difenoconazole 0.5 ml/L with a sticker (onion leaves are waxy).<br/>2. Start sprays 30 days after transplanting, repeat every 10-15 days.<br/>3. Avoid excess irrigation and improve drainage.<br/>4. Crop rotation of 2-3 years; destroy infected debris.",False,train
Okra___Yellow_vein_mosaic,Okra,Yellow vein mosaic,"<b>Crop</b>: Okra (Bhindi) <br/><b>Disease</b>: Yellow Vein Mosaic Virus (whitefly transmitted)<br/><br/>
    <b>Symptoms</b>: Bright yellow network of veins on leaves, later the whole leaf turns yellow; fruits become small, pale yellow and unmarketable.<br/><br/>
    <b>Management</b>:<br/>1. Grow resistant varieties (Arka Anamika, Parbhani Kranti).<br/>2. Control whitefly: Diafenthiuron 1 g/L or Imidacloprid 0.3 ml/L.<br/>3. Yellow sticky traps @ 12/ha.<br/>4. Rogue out infected plants early.<br/>5. Avoid growing near cotton or other whitefly hosts.",False,train
Orange___Haunglongbing_(Citrus_greening),Orange,Haunglongbing (Citrus greening)," <b>Crop</b>: Orange <br/>Disease: Citrus Greening<br/>
        <br/> Cause of disease:

        <br/><br/>  Huanglongbing (HLB) or citrus greening is the most severe citrus disease, currently devastating the citrus industry worldwide. The presumed causal bacterial agent Candidatus Liberibacter spp. affects tree health as well as fruit development, ripening and quality of citrus fruits and juice.


        <br/><br/> How to prevent/cure the disease <br/>
        <br/>1. In regions where disease incidence is low, the most common practices are avoiding the spread of infection by removal of symptomatic trees, protecting grove edges through intensive monitoring, use of pesticides, and biological control of the vector ACP.

        <br/>2. According to Singerman and Useche (2016), CHMAs coordinate insecticide application to control the ACP spreading across area-wide neighboring commercial citrus groves as part of a plan to address the HLB disease.
        
        <br/>3. In addition to foliar nutritional sprays, plant growth regulators were tested, unsuccessfully, to reduce HLB-associated fruit drop (Albrigo and Stover, 2015).",True,train
Squash___Powdery_mildew,Squash,Powdery mildew," <b>Crop</b>: Squash <br/>Disease: Powdery mildew<br/>
        <br/> Cause of disease:

        <br/><br/> 1. Powdery mildew infections favor humid conditions with temperatures around 68-81° F

        <br/> 2. In warm, dry conditions, new spores form and easily spread the disease.
        <br/> 3. Symptoms of powdery mildew first appear mid to late summer in Minnesota.  The older leaves are more susceptible and powdery mildew will infect them first.
        <br/> 4. Wind blows spores produced in leaf spots to infect other leaves.
        <br/> 5. Under favorable conditions, powdery mildew can spread very rapidly, often covering all of the leaves.

        <br/><br/> How to prevent/cure the disease <br/>
        <br/>1. Apply fertilizer based on soil test results. Avoid over-applying nitrogen.

        <br/>2. Provide good air movement around plants through proper spacing, staking of plants and weed control.
        
        <br/>3. Once a week, examine five mature leaves for powdery mildew infection. In large plantings, repeat at 10 different locations in the field.
        <br/>4. If susceptible varieties are growing in an area where powdery mildew has resulted in yield loss in the past, fungicide may be necessary.",True,train
Rice___Brown_spot,Rice,Brown spot,"<b>Crop</b>: Rice <br/><b>Disease</b>: Brown Spot (Bipolaris oryzae)<br/><br/>
    <b>Symptoms</b>: Small circular to oval brown spots with grey centres and yellow halos on leaves; dark spots on grains reducing quality.<br/><br/>
    <b>Note</b>: Strongly linked to poor soil fertility, especially potassium and silicon deficiency.<br/><br/>
    <b>Management</b>:<br/>1. Correct soil nutrition — apply potash and silicon.<br/>2. Seed treatment with Carbendazim 2 g/kg or hot water (54°C, 10 min).<br/>3. Spray Mancozeb 2.5 g/L or Propiconazole 1 ml/L.<br/>4. Ensure adequate irrigation; drought stress worsens it.",False,train
Potato___Late_blight,Potato,Late blight," <b>Crop</b>: Potato <br/>Disease: Late Blight<br/>

        Late blight is a potentially devastating disease of potato, infecting leaves, stems and fruits of plants. The disease spreads quickly in fields and can result in total crop failure if untreated. Late blight of potato was responsible for the Irish potato famine of the late 1840s.              
        <br/> Cause of disease:

        <br/><br/> 1. Late blight is caused by the oomycete Phytophthora infestans. Oomycetes are fungus-like organisms also called water molds, but they are not true fungi.

        <br/> 2. There are many different strains of P. infestans. These are called clonal lineages and designated by a number code (i.e. US-23). Many clonal lineages affect both tomato and potato, but some lineages are specific to one host or the other.
        <br/> 3. The host range is typically limited to potato and tomato, but hairy nightshade (Solanum physalifolium) is a closely related weed that can readily become infected and may contribute to disease spread. Under ideal conditions, such as a greenhouse, petunia also may become infected.
        
        
        <br/><br/> How to prevent/cure the disease <br/>
        <br/>1. Seed infection is unlikely on commercially prepared tomato seed or on saved seed that has been thoroughly dried.

        <br/>2. Inspect tomato transplants for late blight symptoms prior to purchase and/or planting, as tomato transplants shipped from southern regions may be infected
        
        <br/>3. If infection is found in only a few plants within a field, infected plants should be removed, disced-under, killed with herbicide or flame-killed to avoid spreading through the entire field.",True,train
Cotton___Leaf_curl_virus,Cotton,Leaf curl virus,"<b>Crop</b>: Cotton <br/><b>Disease</b>: Cotton Leaf Curl Virus (CLCuV, whitefly transmitted)<br/><br/>
    <b>Symptoms</b>: Upward or downward curling of leaves, thickened dark veins, enations (leaf-like outgrowths) on the underside, stunted plants with few bolls.<br/><br/>
    <b>Management</b>:<br/>1. Grow tolerant varieties.<br/>2. Control the whitefly vector — yellow sticky traps, Diafenthiuron 1 g/L or Flonicamid 0.3 g/L.<br/>3. Rogue out infected plants early.<br/>4. Avoid growing okra/other hosts near cotton.<br/>5. Early sowing escapes peak whitefly.",False,train
Tomato___healthy,Tomato,healthy," <b>Crop</b>: Tomato <br/>Disease: No disease<br/>

        <br/><br/> Don't worry. Your crop is healthy. Keep it up !!!",True,train
Brinjal___Fruit_and_shoot_borer,Brinjal,Fruit and shoot borer,"<b>Crop</b>: Brinjal <br/><b>Pest</b>: Fruit and Shoot Borer (Leucinodes orbonalis)<br/><br/>
    <b>Symptoms</b>: Wilting and drooping of young shoots with bore holes; larvae tunnel inside fruits making them unmarketable. The single biggest brinjal pest.<br/><br/>
    <b>Management</b>:<br/>1. Clip and destroy infested shoots weekly — very effective.<br/>2. Pheromone traps @ 12/ha.<br/>3. Release Trichogramma chilonis @ 50,000/ha.<br/>4. Neem seed kernel extract 5%.<br/>5. Chemical: Emamectin benzoate 0.4 g/L or Chlorantraniliprole 0.3 ml/L, observing the waiting period before harvest.",False,train
Onion___Thrips,Onion,Thrips,"<b>Crop</b>: Onion <br/><b>Pest</b>: Onion Thrips (Thrips tabaci)<br/><br/>
    <b>Symptoms</b>: Silvery-white streaks and blotches on leaves, curled and distorted leaf tips, severely reduced bulb size. Worst in hot dry weather.<br/><br/>
    <b>Management</b>:<br/>1. Blue sticky traps @ 15/ha to monitor.<br/>2. Spray Fipronil 2 ml/L or Spinosad 0.3 ml/L with a wetting agent.<br/>3. Alternate insecticide groups; thrips develop resistance fast.<br/>4. Maize or wheat as a barrier crop around the field.<br/>5. Adequate irrigation reduces thrips build-up.",False,train
Corn_(maize)___healthy,Corn (maize),healthy," <b>Crop</b>: Corn(maize) <br/>Disease: No disease<br/>

        <br/><br/> Don't worry. Your crop is healthy. Keep it up !!!",True,train
Tomato___Leaf_Mold,Tomato,Leaf Mold," <b>Crop</b>: Tomato <br/>Disease: Leaf Mold<br/>
        <br/> Cause of disease:

        <br/><br/> 1. Leaf mold is caused by the fungus Passalora fulva (previously called Fulvia fulva or Cladosporium fulvum). It is not known to be pathogenic on any plant other than tomato.

        <br/> 2. Leaf spots grow together and turn brown. Leaves wither and die but often remain attached to the plant.
        <br/> 3. Fruit infections start as a smooth black irregular area on the stem end of the fruit. As the disease progresses, the infected area becomes sunken, dry and leathery.
        <br/><br/> How to prevent/cure the disease <br/>
        <br/>1. Use drip irrigation and avoid watering foliage.

        <br/>2. Space plants to provide good air movement between rows and individual plants.
        
        <br/>3. Stake, string or prune to increase airflow in and around the plant.
        <br/>4. Sterilize stakes, ties, trellises etc. with 10 percent household bleach or commercial sanitizer.
        <br/>5. Circulate air in greenhouses or tunnels with vents and fans and by rolling up high tunnel sides to reduce humidity around plants.
        <br/>6. Keep night temperatures in greenhouses higher than outside temperatures to avoid dew formation on the foliage.
        <br/>7. Remove crop residue at the end of the season. Burn it or bury it away from tomato production areas.",True,train
Groundnut___Collar_rot,Groundnut,Collar rot,"<b>Crop</b>: Groundnut <br/><b>Disease</b>: Collar Rot (Aspergillus niger)<br/><br/>
    <b>Symptoms</b>: Seedling death soon after emergence; the collar region shows a black powdery fungal mass and shreds easily.<br/><br/>
    <b>Management</b>:<br/>1. Seed treatment with Carbendazim 2 g/kg or Trichoderma 10 g/kg — most important step.<br/>2. Avoid sowing in very hot, dry soil.<br/>3. Ensure good soil moisture at sowing.<br/>4. Add FYM to improve soil biology.",False,val
Chilli___Bacterial_leaf_spot,Chilli,Bacterial leaf spot,"<b>Crop</b>: Chilli <br/><b>Disease</b>: Bacterial Leaf Spot (Xanthomonas campestris)<br/><br/>
    <b>Symptoms</b>: Small water-soaked spots that become brown with yellow halos; severe defoliation; raised scabby spots on fruits.<br/><br/>
    <b>Management</b>:<br/>1. Seed treatment with Streptocycline 100 ppm for 30 minutes.<br/>2. Spray Copper oxychloride 3 g/L + Streptocycline 100 ppm.<br/>3. Avoid working in the field when foliage is wet.<br/>4. Crop rotation of 2 years with non-solanaceous crops.",False,val
Tomato___Tomato_mosaic_virus,Tomato,Tomato mosaic virus," <b>Crop</b>: Tomato <br/>Disease: Mosaic Virus<br/>
        <br/> Cause of disease:

        <br/><br/> 1. Tomato mosaic virus and tobacco mosaic virus can exist for two years in dry soil or leaf debris, but will only persist one month if soil is moist. The viruses can also survive in infected root debris in the soil for up to two years.

        <br/> 2. Seed can be infected and pass the virus to the plant but the disease is usually introduced and spread primarily through human activity. The virus can easily spread between plants on workers' hands, tools, and clothes with normal activities such as plant tying, removing of suckers, and harvest 
        <br/> 3. The virus can even survive the tobacco curing process, and can spread from cigarettes and other tobacco products to plant material handled by workers after a cigarette


        <br/><br/> How to prevent/cure the disease <br/>


        <br/>1. Purchase transplants only from reputable sources. Ask about the sanitation procedures they use to prevent disease.

        <br/>2. Inspect transplants prior to purchase. Choose only transplants showing no clear symptoms.
        
        <br/>3. Avoid planting in fields where tomato root debris is present, as the virus can survive long-term in roots.
        <br/>4. Wash hands with soap and water before and during the handling of plants to reduce potential spread between plants.",True,val
Tomato___Bacterial_spot,Tomato,Bacterial spot," <b>Crop</b>: Tomato <br/>Disease: Bacterial Spot<br/>
        <br/> Cause of disease:

        <br/><br/> 1. The disease is caused by four species of Xanthomonas (X. euvesicatoria, X. gardneri, X. perforans, and X. vesicatoria). In North Carolina, X. perforans is the predominant species associated with bacterial spot on tomato and X. euvesicatoria is the predominant species associated with the disease on pepper.

        <br/> 2. All four bacteria are strictly aerobic, gram-negative rods with a long whip-like flagellum (tail) that allows them to move in water, which allows them to invade wet plant tissue and cause infection.
        <br/><br/> How to prevent/cure the disease <br/>
        <br/>1. The most effective management strategy is the use of pathogen-free certified seeds and disease-free transplants to prevent the introduction of the pathogen into greenhouses and field production areas. Inspect plants very carefully and reject infected transplants- including your own!

        <br/>2. In transplant production greenhouses, minimize overwatering and handling of seedlings when they are wet.
        
        <br/>3. Trays, benches, tools, and greenhouse structures should be washed and sanitized between seedlings crops.
        <br/>4. Do not spray, tie, harvest, or handle wet plants as that can spread the disease",True,val
Wheat___Yellow_rust,Wheat,Yellow rust,"<b>Crop</b>: Wheat <br/><b>Disease</b>: Yellow / Stripe Rust (Puccinia striiformis)<br/><br/>
    <b>Symptoms</b>: Bright yellow-orange pustules arranged in narrow stripes between leaf veins. Severe attack dries leaves and shrivels grain.<br/><br/>
    <b>Favourable conditions</b>: Cool 10-15°C with dew — common in North Indian plains and hills.<br/><br/>
    <b>Management</b>:<br/>1. Grow resistant varieties (HD 3086, PBW 725, DBW 187).<br/>2. Timely sowing; avoid very late sowing.<br/>3. Spray Propiconazole 25EC @ 1 ml/L at first appearance; repeat in 15 days.<br/>4. Tebuconazole 2 ml/L is an alternative.<br/>5. Monitor fields from January onward.",False,val
Groundnut___Tikka_leaf_spot,Groundnut,Tikka leaf spot,"<b>Crop</b>: Groundnut <br/><b>Disease</b>: Tikka / Cercospora Leaf Spot<br/><br/>
    <b>Symptoms</b>: Circular dark brown spots with yellow halos on leaflets; early leaf spot has a lighter centre, late leaf spot is nearly black. Severe defoliation reduces pod yield sharply.<br/><br/>
    <b>Management</b>:<br/>1. Spray Chlorothalonil 2 g/L or Mancozeb 2.5 g/L at 30 and 45 days after sowing.<br/>2. Tebuconazole 1 ml/L for severe cases.<br/>3. Crop rotation with cereals; deep ploughing to bury debris.<br/>4. Resistant varieties where available.",False,val
Apple___Black_rot,Apple,Black rot," <b>Crop</b>: Apple <br/>Disease: Black Rot<br/>
        <br/> Cause of disease:

        <br/><br/>Black rot is caused by the fungus Diplodia seriata (syn Botryosphaeria obtusa).The fungus can infect dead tissue as well as living trunks, branches, leaves and fruits. In wet weather, spores are released from these infections and spread by wind or splashing water. The fungus infects leaves and fruit through natural openings or minor wounds.
        <br/><br/> How to prevent/cure the disease <br/>
        <br/>1. Prune out dead or diseased branches.

        <br/>2. Prune out dead or diseased branches.
        
        <br/>3. Remove infected plant material from the area.
        <br/>4. Remove infected plant material from the area.
        <br/>5. Be sure to remove the stumps of any apple trees you cut down. Dead stumps can be a source of spores.",True,val
Sugarcane___Early_shoot_borer,Sugarcane,Early shoot borer,"<b>Crop</b>: Sugarcane <br/><b>Pest</b>: Early Shoot Borer (Chilo infuscatellus)<br/><br/>
    <b>Symptoms</b>: Dead heart in young shoots that pulls out easily with a rotten smell; bore holes near ground level. Attacks up to 4 months.<br/><br/>
    <b>Management</b>:<br/>1. Early planting and light earthing up.<br/>2. Trash mulching reduces egg laying significantly.<br/>3. Release Trichogramma chilonis @ 50,000/ha at 15-day intervals.<br/>4. Remove and destroy dead hearts.<br/>5. Chlorantraniliprole 0.4 ml/L soil drench if severe.",False,test
Raspberry___healthy,Raspberry,healthy," <b>Crop</b>: Raspberry <br/>Disease: No disease<br/>

        <br/><br/> Don't worry. Your crop is healthy. Keep it up !!!",True,test
Apple___Cedar_apple_rust,Apple,Cedar apple rust," <b>Crop</b>: Apple <br/>Disease: Cedar Apple Rust<br/>
        <br/> Cause of disease:

        <br/><br/>Cedar apple rust (Gymnosporangium juniperi-virginianae) is a fungal disease that depends on two species to spread and develop. It spends a portion of its two-year life cycle on Eastern red cedar (Juniperus virginiana). The pathogen’s spores develop in late fall on the juniper as a reddish brown gall on young branches of the trees.

        <br/><br/> How to prevent/cure the disease <br/>
        <br/>1. Since the juniper galls are the source of the spores that infect the apple trees, cutting them is a sound strategy if there aren’t too many of them.

        <br/>2. While the spores can travel for miles, most of the ones that could infect your tree are within a few hundred feet.
        
        <br/>3. The best way to do this is to prune the branches about 4-6 inches below the galls.",True,test
Strawberry___healthy,Strawberry,healthy," <b>Crop</b>: Strawberry <br/>Disease: No disease<br/>

        <br/><br/> Don't worry. Your crop is healthy. Keep it up !!!",True,test
Potato___healthy,Potato,healthy," <b>Crop</b>: Potato <br/>Disease: No disease<br/>

        <br/><br/> Don't worry. Your crop is healthy. Keep it up !!!",True,test
Chilli___Anthracnose_fruit_rot,Chilli,Anthracnose fruit rot,"<b>Crop</b>: Chilli <br/><b>Disease</b>: Anthracnose / Die-back (Colletotrichum capsici)<br/><br/>
    <b>Symptoms</b>: Sunken circular black spots with concentric rings on ripe fruits; twig die-back from the tip downwards; heavy fruit drop.<br/><br/>
    <b>Management</b>:<br/>1. Use disease-free certified seed; treat with Carbendazim 2 g/kg.<br/>2. Remove and destroy infected fruits and twigs.<br/>3. Spray Carbendazim 1 g/L or Mancozeb 2.5 g/L at 10-day intervals from fruit set.<br/>4. Avoid overhead irrigation and harvest ripe fruit promptly.",False,test
Grape___healthy,Grape,healthy," <b>Crop</b>: Grape <br/>Disease: No disease<br/>

        <br/><br/> Don't worry. Your crop is healthy. Keep it up !!!",True,test
Sugarcane___Smut,Sugarcane,Smut,"<b>Crop</b>: Sugarcane <br/><b>Disease</b>: Whip Smut (Sporisorium scitamineum)<br/><br/>
    <b>Symptoms</b>: A long black whip-like structure emerging from the growing point; plants become thin, grassy, with poor sugar recovery.<br/><br/>
    <b>Management</b>:<br/>1. Plant resistant varieties and healthy setts from disease-free fields.<br/>2. Sett treatment with Carbendazim 0.1% or Propiconazole 0.1%.<br/>3. Cover the whip with a polythene bag before removing to stop spore spread; then destroy.<br/>4. Avoid ratooning affected crop.",False,test
